name,origin,meaning,funFact
Ahmad,Arabic / Afghan / Pakistani,Highly praised,Ahmad is one of the most widely used names across Afghanistan Pakistan and the wider Muslim world.
Mohammad,Arabic / Afghan / Pakistani,Praised or praiseworthy,Mohammad is one of the most widely used given names in the world.
Mahmood,Arabic / Afghan / Pakistani,Praiseworthy,Mahmood is a common name across Afghanistan Pakistan and many Muslim communities.
Hamid,Arabic / Afghan / Pakistani,Praiseworthy,Hamid is a traditional name found throughout Afghanistan Pakistan and the Arab world.
Farid,Persian / Afghan,Unique or precious,Farid is a popular Persian name meaning unique or incomparable.
Fahad,Arabic / Pakistani,Leopard,Fahad is a popular Arabic name and is also widely used in Pakistan.
Hamza,Arabic / Afghan / Pakistani,Strong or steadfast,Hamza is a popular name across the Muslim world and has a long history in Islamic culture.
Bilal,Arabic / Afghan / Pakistani,A name of historical significance,Bilal ibn Rabah is remembered in Islamic history as an early companion of Prophet Muhammad.
Omar,Arabic / Afghan / Pakistani,Flourishing or long lived,Omar is a widely used Arabic name with a long history in the Muslim world.
Usman,Arabic / Afghan / Pakistani,Young or tender,Usman is a widely used name in South Asia and the Muslim world.
Ali,Arabic / Afghan / Pakistani,Noble or exalted,Ali is one of the most widely used male names in Muslim communities.
Hassan,Arabic / Afghan / Pakistani,Good or handsome,Hassan is a common name across Arab countries South Asia and Afghanistan.
Hussain,Arabic / Afghan / Pakistani,Good or beautiful,Hussain is a widely used name with deep historical significance in Islamic history.
Yusuf,Arabic / Afghan / Pakistani,God increases,Yusuf is the Arabic form of Joseph and is widely used across Muslim communities.
Ibrahim,Arabic / Afghan / Pakistani,Father of many,Ibrahim is the Arabic form of Abraham and is an important name in Islamic tradition.
Ismail,Arabic / Afghan / Pakistani,God hears,Ismail is the Arabic form of Ishmael and is widely used across Muslim communities.
Sulaiman,Arabic / Afghan / Pakistani,Peaceful,Sulaiman is the Arabic form of Solomon and is a traditional Muslim name.
Daud,Arabic / Afghan / Pakistani,Beloved,Daud is the Arabic form of David and is a traditional name in Muslim communities.
Zakariya,Arabic / Afghan / Pakistani,Remembered by God,Zakariya is the Arabic form of Zechariah and is a traditional Islamic name.
Ayub,Arabic / Afghan / Pakistani,A name associated with patience,Ayub is the Arabic form of Job and is traditionally associated with patience.
Khalid,Arabic / Afghan / Pakistani,Everlasting,Khalid is a common Arabic name and is also widely used in Afghanistan and Pakistan.
Tariq,Arabic / Afghan / Pakistani,Morning star or night visitor,Tariq is an Arabic name associated with the night and the morning star.
Naveed,Persian / Afghan / Pakistani,Good news,Naveed is a Persian name commonly used in Afghanistan and Pakistan.
Wali,Arabic / Afghan / Pakistani,Protector or friend,Wali is a traditional Arabic name and word with several related meanings.
Jawad,Arabic / Afghan / Pakistani,Generous,Jawad is an Arabic name associated with generosity.
Karim,Arabic / Afghan / Pakistani,Generous or noble,Karim is a common Arabic name and is associated with generosity and nobility.
Noman,Arabic / Afghan / Pakistani,A traditional Arabic name,Noman is widely used in Pakistan Afghanistan and other Muslim communities.
Zubair,Arabic / Afghan / Pakistani,Strong or wise,Zubair is a traditional Arabic name that is widely used in South Asia.
Sami,Arabic / Afghan / Pakistani,Elevated or sublime,Sami is used across Arabic-speaking countries Afghanistan and Pakistan.
Arif,Arabic / Afghan / Pakistani,Knowledgeable,Arif is a common name in South Asia and is associated with knowledge.
Rashid,Arabic / Afghan / Pakistani,Rightly guided,Rashid is a common Arabic name meaning rightly guided or wise.
Nasir,Arabic / Afghan / Pakistani,Helper or supporter,Nasir is a traditional Arabic name associated with helping and supporting others.
Jamal,Arabic / Afghan / Pakistani,Beauty,Jamal is a common Arabic name associated with beauty.
Faisal,Arabic / Pakistani,Decisive or judge,Faisal is a popular Arabic name that is also common in Pakistan.
Imran,Arabic / Pakistani,Prosperity,Imran is widely used in Pakistan and other Muslim communities.
Adnan,Arabic / Afghan / Pakistani,Settler or one who remains,Adnan is a traditional Arabic name used throughout the Muslim world.
Adeel,Arabic / Pakistani,Just or fair,Adeel is a popular South Asian name associated with fairness.
Asad,Arabic / Afghan / Pakistani,Lion,Asad is an Arabic name that literally refers to a lion.
Shahid,Arabic / Pakistani,Witness,Shahid is a common Arabic name and word used throughout South Asia.
Zahid,Arabic / Afghan / Pakistani,Devout or abstinent,Zahid is a traditional Arabic name associated with devotion and simplicity.
Zain,Arabic / Pakistani,Beauty or grace,Zain is a popular Arabic name associated with beauty and adornment.
Zainab,Arabic / Afghan / Pakistani,A traditional Arabic name,Zainab is a very widely used female name across the Muslim world.
Ayesha,Arabic / Pakistani / Afghan,Alive or living,Ayesha is one of the most widely used female names in Muslim communities.
Fatima,Arabic / Afghan / Pakistani,One who abstains,Fatima is one of the most widely recognized female names in Muslim communities.
Maryam,Arabic / Afghan / Pakistani,A revered female name,Maryam is the Arabic form of Mary and is honored in Islamic tradition.
Khadija,Arabic / Afghan / Pakistani,A traditional Arabic name,Khadija is a widely used name and is associated with an important figure in Islamic history.
Hafsa,Arabic / Afghan / Pakistani,A traditional Arabic name,Hafsa is a widely used Muslim female name with a long historical tradition.
Ruqayya,Arabic / Afghan / Pakistani,A traditional Arabic name,Ruqayya is a traditional Muslim female name used across many countries.
Sumayya,Arabic / Afghan / Pakistani,A traditional Arabic name,Sumayya is a well known historical name in Islamic tradition.
Asma,Arabic / Afghan / Pakistani,Exalted or supreme,Asma is a popular Arabic female name used throughout the Muslim world.
Noor,Arabic / Afghan / Pakistani,Light,Noor is a popular unisex name meaning light in Arabic.
Huda,Arabic / Afghan / Pakistani,Guidance,Huda is an Arabic name associated with guidance.
Iman,Arabic / Afghan / Pakistani,Faith,Iman is an Arabic word meaning faith and is also used as a given name.
Sana,Arabic / Pakistani / Afghan,Brilliance or radiance,Sana is a popular female name across Pakistan Afghanistan and other Muslim communities.
Hira,Arabic / Pakistani / Afghan,A traditional place name,Hira is associated with the Cave of Hira near Makkah.
Laila,Arabic / Persian / Afghan,Night,Laila is a widely known name connected with the classic story of Layla and Majnun.
Layla,Arabic / Persian / Afghan,Night,Layla is an internationally popular name with Arabic roots and literary history.
Zohra,Persian / Afghan,Bright or radiant,Zohra is associated with brightness and is also a traditional name for Venus in Persian and Arabic usage.
Zahra,Arabic / Persian / Afghan,Radiant or blooming,Zahra is a popular name associated with brightness and flowers.
Gul,Persian / Afghan / Pakistani,Flower,Gul means flower in Persian and is common in names across Afghanistan and surrounding regions.
Gulalai,Pashto / Afghan,A traditional Pashtun name,Gulalai is a well known Pashtun female name and is associated with Afghan culture.
Malalai,Pashto / Afghan,A traditional Afghan name,Malalai of Maiwand is remembered as an important figure in Afghan history.
Lema,Pashto / Afghan,A traditional Pashtun name,Lema is a popular female name in Afghanistan.
Palwasha,Pashto / Afghan,First ray of light,Palwasha is a popular Pashtun female name associated with the first light of day.
Shabana,Persian / Afghan / Pakistani,Of the night,Shabana is a name used across Afghanistan Pakistan and South Asia.
Mahira,Arabic / Pakistani / Afghan,Skilled or talented,Mahira is a popular female name associated with skill and ability.
Mehwish,Persian / Pakistani,Moon like or beautiful,Mehwish is a Persian influenced name popular in Pakistan and South Asia.
Parwana,Persian / Afghan,Butterfly,Parwana means butterfly in Persian and is used as a name in Afghanistan.
Shazia,Persian / Pakistani / Afghan,Rare or fragrant,Shazia is a popular South Asian female name with Persian and Arabic usage.
Samira,Arabic / Persian / Pakistani,Companion in evening conversation,Samira is used across Arabic speaking communities and South Asia.
Sahar,Arabic / Persian / Afghan,Dawn,Sahar is a popular name associated with the early morning or dawn.
Seema,Arabic / Persian / South Asian,Boundary or appearance,Seema is a widely used South Asian female name with several linguistic associations.
Nadia,Arabic / Persian / Pakistani,Tender or delicate,Nadia is widely used across Arabic speaking and South Asian communities.
Mina,Persian / Afghan / Pakistani,A traditional name with several meanings,Mina is used across Persian and South Asian communities and has multiple linguistic origins.
Amina,Arabic / Afghan / Pakistani,Trustworthy or faithful,Amina is a widely used Arabic female name associated with trustworthiness.
Amira,Arabic / Afghan / Pakistani,Princess or female leader,Amira is the feminine form related to the Arabic word for leader or commander.
Sara,Arabic / Persian / Afghan,Princess or noblewoman,Sara is a widely used name across many cultures and is also common in Muslim communities.
Rania,Arabic / Pakistani,Gazing or looking attentively,Rania is a popular Arabic female name.
Reem,Arabic,White gazelle,Reem is an Arabic name associated with the graceful white gazelle.
Dua,Arabic / Pakistani / Afghan,Supplication or prayer,Dua is an Arabic word meaning supplication and is also used as a given name.
Inaya,Arabic / Pakistani / Afghan,Care or concern,Inaya is an Arabic name associated with care and protection.
Anaya,Arabic / Pakistani,Care or protection,Anaya is a popular modern name in South Asia and is associated with care and protection.
Hania,Arabic / Pakistani / Afghan,Happy or joyful,Hania is a popular female name used in South Asia and Muslim communities.
Mariam,Arabic / Persian / Pakistani,A revered female name,Mariam is a common form of Maryam and is widely used across Muslim communities.
Rabia,Arabic / Afghan / Pakistani,Spring or fourth,Rabia is a traditional Arabic name and is widely used in South Asia.
Bushra,Arabic / Pakistani / Afghan,Good news,Bushra is an Arabic name associated with glad tidings and good news.
Kainat,Arabic / Pakistani / Afghan,Universe or creation,Kainat is a popular South Asian female name associated with the universe.
Arooba,Arabic / Pakistani,A traditional Arabic name,Arooba is used as a female name in Pakistan and other Muslim communities.
Iqra,Arabic / Pakistani / Afghan,Read or recite,Iqra is an Arabic word associated with reading and recitation.
Alina,Persian / South Asian,A widely used modern name,Alina is popular in South Asia and has multiple linguistic origins.
Saba,Arabic / Persian / Pakistani,Morning breeze,Saba is associated with a gentle morning breeze in Arabic and Persian usage.
Maha,Arabic,Wild cow or oryx,Maha is an Arabic name traditionally associated with the oryx and beautiful eyes.
Huma,Persian / Afghan / Pakistani,A mythical fortunate bird,Huma is a legendary bird in Persian mythology associated with fortune and good luck.
Ariana,Persian / Afghan,Of Ariana or ancient Afghanistan,Ariana is a historical name connected with the ancient geographic term Ariana.
Roya,Persian / Afghan,Dream or vision,Roya is a popular Persian female name meaning dream or vision.
Shirin,Persian / Afghan / Pakistani,Sweet or pleasant,Shirin is a famous Persian name and is associated with the classical love story of Khosrow and Shirin.
Pari,Persian / Afghan / Pakistani,Fairy,Pari means fairy in Persian and is used as a poetic name.
Aziza,Arabic / Afghan / Pakistani,Precious or beloved,Aziza is an Arabic female name associated with being precious or dear.
Farzana,Persian / Afghan / Pakistani,Wise or intelligent,Farzana is a Persian influenced name associated with wisdom and intelligence.
Nargis,Persian / Afghan / Pakistani,Narcissus flower,Nargis is the Persian name for the narcissus flower and is used as a female name.
Mahgul,Persian / Afghan,Moon flower or moon-like flower,Mahgul is a Persian influenced Afghan name combining imagery of the moon and flowers.
Bahar,Persian / Afghan / Pakistani,Spring,Bahar means spring in Persian and is widely used as a name.
Aman,Arabic / South Asian,Peace or safety,Aman is a widely used name and word associated with peace and security.
Arman,Persian / Afghan / Pakistani,Hope or aspiration,Arman is a popular Persian name associated with aspiration and hope.
Kamran,Persian / Afghan / Pakistani,Fortunate or successful,Kamran is a Persian name associated with good fortune and success.
Shahram,Persian / Afghan,A traditional Persian name,Shahram is a Persian male name with a long literary and cultural tradition.
Behzad,Persian / Afghan,Well born or noble,Behzad is a traditional Persian name associated with noble birth.
Dariush,Persian / Afghan,A traditional Persian royal name,Dariush is the Persian form of Darius and is connected to ancient Persian history.
Kourosh,Persian / Afghan,A traditional Persian royal name,Kourosh is the Persian form of Cyrus and is associated with Cyrus the Great.
Ramin,Persian / Afghan / Pakistani,A traditional Persian name,Ramin is a classical Persian name known from Persian literature.
Sohrab,Persian / Afghan / Pakistani,A traditional Persian name,Sohrab is a famous character in Ferdowsi's Shahnameh.
Rostam,Persian / Afghan,A legendary hero,Rostam is one of the most famous heroes in Ferdowsi's Shahnameh.
